Pool_name,Donor_name,qtltools_donID,vir_res,cell_counts,Lost_cells,status,demux_dons,final_dons,init_ratio,final_ratio
PD-Set7-C1,PM-MS_70978,PM-MS_70978,2317,1854,463,kept,donor6,donor6,0.103840810289965,0.097919087356079
PD-Set7-C1,PM-UD_11494_001,PM-UD_11494_001,3773,3212,561,kept,donor3,donor3,0.169094249988796,0.169641914017112
PD-Set7-C1,PM-UM_BEB19126,PM-UM_BEB19126,3932,3372,560,kept,donor2,donor2,0.176220140725138,0.178092320692933
PD-Set7-C1,PM-UM_BEB19157,PM-UM_BEB19157,3238,2738,500,kept,donor5,donor5,0.145117196253305,0.144607584239992
PD-Set7-C1,PM-UM_HBOQ,PM-UM_HBOQ,5361,4682,679,kept,donor1,donor1,0.240263523506476,0.24728002535122
PD-Set7-C1,donor5,PM-UD_11466_001,3692,3076,616,kept,donor4,donor4,0.16546407923632,0.162459068342664
PD-Set7-C2,PM-MS_70978,PM-MS_70978,2346,1898,448,kept,donor6,donor6,0.106206709221785,0.099878966478977
PD-Set7-C2,PM-UD_11494_001,PM-UD_11494_001,3829,3284,545,kept,donor3,donor3,0.173344198469827,0.172814818712835
PD-Set7-C2,PM-UM_BEB19126,PM-UM_BEB19126,3846,3351,495,kept,donor2,donor2,0.174113812304767,0.176340577803505
PD-Set7-C2,PM-UM_BEB19157,PM-UM_BEB19157,3236,2851,385,kept,donor5,donor5,0.146498257051021,0.150028942798506
PD-Set7-C2,PM-UM_HBOQ,PM-UM_HBOQ,5304,4701,603,kept,donor1,donor1,0.240119516501426,0.247381992317003
PD-Set7-C2,donor5,PM-UD_11466_001,3528,2918,610,kept,donor4,donor4,0.159717506451175,0.153554701889175
PD-Set9-C1,PM-MS_92697,PM-MS_92697,2922,2055,867,kept,donor3,donor4,0.155889884763124,0.133632461958642
PD-Set9-C1,PM-UM_BEB19126,PM-UM_BEB19126,5232,4592,640,kept,donor1,donor1,0.279129321382843,0.298608401612693
PD-Set9-C1,PM-UM_BEB19157,PM-UM_BEB19157,2776,2345,431,kept,donor4,donor3,0.148100725565514,0.152490570945507
PD-Set9-C1,PM-UM_HBOQ,PM-UM_HBOQ,3348,2976,372,kept,donor2,donor2,0.178617157490397,0.193523214982442
PD-Set9-C1,donor4,PM-UD_11610_001,2215,1676,539,kept,donor6,donor6,0.118171148100726,0.108986864351671
PD-Set9-C1,donor5,PM-UD_11197_001,2251,1734,517,kept,donor5,donor5,0.120091762697397,0.112758486149044
PD-Set9-C2,PM-MS_92697,PM-MS_92697,3177,2279,898,kept,donor3,donor4,0.154877394822795,0.133877694883393
PD-Set9-C2,PM-UM_BEB19126,PM-UM_BEB19126,5701,5038,663,kept,donor1,donor1,0.277921318188466,0.295952534805851
PD-Set9-C2,PM-UM_BEB19157,PM-UM_BEB19157,2994,2588,406,kept,donor4,donor3,0.14595622288305,0.152029607002291
PD-Set9-C2,PM-UM_HBOQ,PM-UM_HBOQ,3673,3249,424,kept,donor2,donor2,0.179057183249647,0.19085942548317
PD-Set9-C2,donor4,PM-UD_11197_001,2608,2031,577,kept,donor5,donor5,0.127138887534734,0.119309169946543
PD-Set9-C2,donor5,PM-UD_11610_001,2360,1838,522,kept,donor6,donor6,0.115048993321308,0.107971567878752
PD-Set13-C1,PM-MS_29270,PM-MS_29270,2054,1595,459,kept,donor6,donor5,0.0915044326636076,0.0869920916280338
PD-Set13-C1,PM-MS_840752,PM-MS_840752,2071,1490,581,kept,donor5,donor6,0.0922617721744554,0.0812653395145896
PD-Set13-C1,PM-UD_40312_001,PM-UD_40312_001,5924,5273,651,kept,donor1,donor1,0.263910544838954,0.287592037087537
PD-Set13-C1,PM-UM_BEB18119,PM-UM_BEB18119,4154,3473,681,kept,donor3,donor2,0.185058136944803,0.189419143714208
PD-Set13-C1,PM-UM_BEB19139,PM-UM_BEB19139,3732,3152,580,kept,donor4,donor4,0.166258297322582,0.171911644395964
PD-Set13-C1,donor5,PM-UD_40301_001,4512,3352,1160,kept,donor2,donor3,0.201006816055598,0.182819743659667
PD-Set13-C2,PM-MS_29270,PM-MS_29270,1930,1516,414,kept,donor6,donor5,0.091525584483331,0.0876300578034682
PD-Set13-C2,PM-MS_840752,PM-MS_840752,2013,1424,589,kept,donor5,donor6,0.0954616588419405,0.0823121387283237
PD-Set13-C2,PM-UD_40312_001,PM-UD_40312_001,5523,4928,595,kept,donor1,donor1,0.261914923886755,0.28485549132948
PD-Set13-C2,PM-UM_BEB18119,PM-UM_BEB18119,4044,3383,661,kept,donor3,donor2,0.19177692417129,0.195549132947977
PD-Set13-C2,PM-UM_BEB19139,PM-UM_BEB19139,3496,2967,529,kept,donor4,donor4,0.16578934888794,0.17150289017341
PD-Set13-C2,donor5,PM-UD_40301_001,4081,3082,999,kept,donor2,donor3,0.193531559728743,0.178150289017341
PD-Set14-C1,PM-MS_6130,PM-MS_6130,4239,3359,880,kept,donor2,donor3,0.190260323159785,0.180174864560425
PD-Set14-C1,PM-MS_272264,PM-MS_272264,3246,2537,709,kept,donor5,donor5,0.145691202872531,0.136083248404227
PD-Set14-C1,PM-UD_11701_001,PM-UD_11701_001,3889,3357,532,kept,donor4,donor4,0.174551166965889,0.180067585688999
PD-Set14-C1,PM-UD_11659_001,PM-UD_11659_001,4199,3654,545,kept,donor3,donor2,0.188464991023339,0.1959984980958
PD-Set14-C1,PM-UM_HCTNJ,PM-UM_HCTNJ,6410,5676,734,kept,donor1,donor1,0.28770197486535,0.304457437107762
PD-Set14-C1,donor5,PM-UM_HCTNJ,297,60,237,kept,donor6,donor6,0.0133303411131059,0.00321836614278818
PD-Set14-C2,PM-MS_6130,PM-MS_6130,3857,2991,866,kept,donor3,donor4,0.19187145557656,0.180018055973518
PD-Set14-C2,PM-MS_272264,PM-MS_272264,2776,2112,664,kept,donor5,donor5,0.138095711869466,0.127114053566055
PD-Set14-C2,PM-UD_11701_001,PM-UD_11701_001,3643,3117,526,kept,donor4,donor3,0.181225748681723,0.187601564851038
PD-Set14-C2,PM-UD_11659_001,PM-UD_11659_001,3866,3374,492,kept,donor2,donor2,0.19231917222167,0.203069515498044
PD-Set14-C2,PM-UM_HCTNJ,PM-UM_HCTNJ,5630,4935,695,kept,donor1,donor1,0.280071634663218,0.297020764369546
PD-Set14-C2,donor5,PM-UM_HCTNJ,330,86,244,kept,donor6,donor6,0.0164162769873644,0.00517604574179958
PD-Set15-E1,PM-MS_92697,PM-MS_92697,2479,1342,1137,kept,donor3,donor5,0.180277797978329,0.131930790405033
PD-Set15-E1,PM-UD_11610_001,PM-UD_11610_001,2423,1912,511,kept,donor4,donor2,0.176205366882409,0.187966968147857
PD-Set15-E1,PM-UD_11197_001,PM-UD_11197_001,2568,2196,372,kept,donor1,donor1,0.186750054541488,0.215886747935509
PD-Set15-E1,PM-UM_BEB20006,PM-UM_BEB20006,2275,1747,528,kept,donor5,donor4,0.165442513271762,0.171745969327566
PD-Set15-E1,PM-UM_HCTWJ,PM-UM_HCTWJ,2523,1794,729,kept,donor2,donor3,0.183477565267981,0.176366496264255
PD-Set15-E1,donor5,PM-UM_BEB20013,1483,1181,302,kept,donor6,donor6,0.107846702058032,0.11610302791978
PD-Set15-E2,PM-MS_92697,PM-MS_92697,2514,1488,1026,kept,donor2,donor5,0.182279582366589,0.138431481998325
PD-Set15-E2,PM-UD_11610_001,PM-UD_11610_001,2507,2009,498,kept,donor3,donor2,0.181772041763341,0.186901107079728
PD-Set15-E2,PM-UD_11197_001,PM-UD_11197_001,2558,2248,310,kept,donor1,donor1,0.185469837587007,0.20913573355661
PD-Set15-E2,PM-UM_BEB20006,PM-UM_BEB20006,2259,1847,412,kept,donor5,donor4,0.16379060324826,0.17182993766862
PD-Set15-E2,PM-UM_HCTWJ,PM-UM_HCTWJ,2504,1947,557,kept,donor4,donor3,0.181554524361949,0.181133128663131
PD-Set15-E2,donor5,PM-UM_BEB20013,1450,1210,240,kept,donor6,donor6,0.105133410672854,0.112568611033585
PD-Set16-C2,PM-UD_11494_001,PM-UD_11494_001,4193,3708,485,kept,donor3,donor3,0.206094863602851,0.221148684916801
PD-Set16-C2,PM-UM_BEB19126,PM-UM_BEB19126,4337,3798,539,kept,donor2,donor2,0.21317276972229,0.226516371443908
PD-Set16-C2,PM-UM_HBOQ,PM-UM_HBOQ,5191,4196,995,kept,donor1,donor1,0.255148685180634,0.250253474086002
PD-Set16-C2,donor3,PM-UM_BEB19157,2230,1779,451,kept,donor5,donor4,0.109609240599656,0.106101270352478
PD-Set16-C2,donor4,PM-MS_85716,2246,1685,561,kept,donor4,donor5,0.110395674612927,0.100495019979722
PD-Set16-C2,donor5,PM-UD_11197_001,2148,1601,547,kept,donor6,donor6,0.105578766281642,0.095485179221089
PD-Set16-C1,PM-UD_11494_001,PM-UD_11494_001,4511,3938,573,kept,donor3,donor3,0.197738131766975,0.212199590473111
PD-Set16-C1,PM-UM_BEB19126,PM-UM_BEB19126,4882,4177,705,kept,donor2,donor2,0.214000789023802,0.22507813341955
PD-Set16-C1,PM-UM_HBOQ,PM-UM_HBOQ,5921,4699,1222,kept,donor1,donor1,0.259544996274054,0.253206164457377
PD-Set16-C1,donor3,PM-UD_11197_001,2417,1845,572,kept,donor6,donor6,0.10594836277561,0.0994180407371484
PD-Set16-C1,donor4,PM-MS_85716,2523,1855,668,kept,donor5,donor5,0.110594836277561,0.0999568919064554
PD-Set16-C1,donor5,PM-UM_BEB19157,2559,2044,515,kept,donor4,donor4,0.112172883881997,0.110141179006358
PD-Set18-C1,PM-MS_840752,PM-MS_840752,2722,1984,738,kept,donor4,donor4,0.148670052979409,0.144543202681043
PD-Set18-C1,PM-UD_40312_001,PM-UD_40312_001,4401,3053,1348,kept,donor1,donor3,0.24037358676061,0.222424595657876
PD-Set18-C1,PM-UD_40301_001,PM-UD_40301_001,3646,3114,532,kept,donor3,donor2,0.199137036430171,0.226868716304823
PD-Set18-C1,PM-UM_BEB19139,PM-UM_BEB19139,4012,3246,766,kept,donor2,donor1,0.219127205199629,0.23648550196707
PD-Set18-C1,donor4,PM-UM_BEB18119,2555,1801,754,kept,donor5,donor5,0.139548855754001,0.131210840740201
PD-Set18-C1,donor5,PM-MS_29270,973,528,445,kept,donor6,donor6,0.0531432628761811,0.0384671426489873
PD-Set18-C2,PM-MS_840752,PM-MS_840752,2586,1914,672,kept,donor4,donor4,0.145493417351187,0.139484040227372
PD-Set18-C2,PM-UD_40312_001,PM-UD_40312_001,4236,3022,1214,kept,donor1,donor3,0.238325644199392,0.220230287130156
PD-Set18-C2,PM-UD_40301_001,PM-UD_40301_001,3469,3036,433,kept,donor3,donor2,0.195172724203893,0.221250546567556
PD-Set18-C2,PM-UM_BEB19139,PM-UM_BEB19139,3972,3357,615,kept,donor2,donor1,0.22347248790368,0.244643637953651
PD-Set18-C2,donor4,PM-UM_BEB18119,2531,1842,689,kept,donor5,donor5,0.14239900978958,0.134236991692173
PD-Set18-C2,donor5,PM-MS_29270,980,551,429,kept,donor6,donor6,0.0551367165522674,0.040154496429092
PD-Set21-C1,PM-MS_29270,PM-MS_29270,2376,1602,774,kept,donor5,donor5,0.123492723492723,0.11602810168755
PD-Set21-C1,PM-UD_11609_001,PM-UD_11609_001,4371,3675,696,kept,donor1,donor1,0.227182952182952,0.266169334395596
PD-Set21-C1,PM-UD_40301_001,PM-UD_40301_001,3091,2459,632,kept,donor4,donor3,0.160654885654886,0.178098066198305
PD-Set21-C1,PM-UM_HBHQ,PM-UM_HBHQ,4095,2030,2065,kept,donor2,donor4,0.212837837837838,0.147026870428044
PD-Set21-C1,PM-UM_HCTTO,PM-UM_HCTTO,3544,2753,791,kept,donor3,donor2,0.184199584199584,0.199391612949953
PD-Set21-C1,donor5,PM-MS_616180,1763,1288,475,kept,donor6,donor6,0.0916320166320166,0.0932860143405519
PD-Set22-C1,PM-MS_92697,PM-MS_92697,2954,2383,571,kept,donor3,donor4,0.166854948034343,0.166236484129752
PD-Set22-C1,PM-UD_11197_001,PM-UD_11197_001,4293,3347,946,kept,donor1,donor1,0.242487573429733,0.233484478549006
PD-Set22-C1,PM-UM_BEB19126,PM-UM_BEB19126,1514,1115,399,kept,donor6,donor6,0.0855173971983732,0.0777816532961284
PD-Set22-C1,PM-UM_BEB20013,PM-UM_BEB20013,3662,3169,493,kept,donor2,donor2,0.206845910528694,0.22106731775375
PD-Set22-C1,PM-UM_HBOQ,PM-UM_HBOQ,2900,2447,453,kept,donor4,donor3,0.163804789877994,0.17070108126962
PD-Set22-C1,donor5,PM-UD_11610_001,2381,1874,507,kept,donor5,donor5,0.134489380930863,0.130728985001744
PD-Set22-C2,PM-MS_92697,PM-MS_92697,2900,2323,577,kept,donor3,donor4,0.168869737378443,0.166786329695577
PD-Set22-C2,PM-UD_11197_001,PM-UD_11197_001,4151,3317,834,kept,donor1,donor1,0.241716648226868,0.238153360137852
PD-Set22-C2,PM-UM_BEB19126,PM-UM_BEB19126,1456,1047,409,kept,donor6,donor6,0.0847842543527631,0.0751723147616313
PD-Set22-C2,PM-UM_BEB20013,PM-UM_BEB20013,3545,3024,521,kept,donor2,donor2,0.206428696209166,0.21711659965537
PD-Set22-C2,PM-UM_HBOQ,PM-UM_HBOQ,2857,2414,443,kept,donor4,donor3,0.166365806789728,0.173319931074095
PD-Set22-C2,donor5,PM-UD_11610_001,2264,1803,461,kept,donor5,donor5,0.131834857043033,0.129451464675474
PD-Set23-E1,PM-MS_6130,PM-MS_6130,2714,2285,429,kept,donor3,donor3,0.169191446917274,0.160610107541998
PD-Set23-E1,PM-MS_272264,PM-MS_272264,2854,2525,329,kept,donor2,donor2,0.177919082351474,0.177479440500457
PD-Set23-E1,PM-UD_11701_001,PM-UD_11701_001,2385,2184,201,kept,donor5,donor4,0.148681503646905,0.153510929921979
PD-Set23-E1,PM-UD_11659_001,PM-UD_11659_001,2054,1858,196,kept,donor6,donor6,0.128046879870332,0.130596752653406
PD-Set23-E1,PM-UM_HBHE,PM-UM_HBHE,3599,3391,208,kept,donor1,donor1,0.224362570912038,0.238349616925564
PD-Set23-E1,PM-UM_HCTNJ,PM-UM_HCTNJ,2435,1984,451,kept,donor4,donor5,0.151798516301976,0.139453152456597
PD-Set23-E2,PM-MS_6130,PM-MS_6130,956,771,185,kept,donor3,donor5,0.157886044591247,0.145143072289157
PD-Set23-E2,PM-MS_272264,PM-MS_272264,1107,970,137,kept,donor2,donor2,0.182824112303881,0.182605421686747
PD-Set23-E2,PM-UD_11701_001,PM-UD_11701_001,915,824,91,kept,donor5,donor3,0.151114781172585,0.155120481927711
PD-Set23-E2,PM-UD_11659_001,PM-UD_11659_001,839,742,97,kept,donor6,donor6,0.138563170933113,0.139683734939759
PD-Set23-E2,PM-UM_HBHE,PM-UM_HBHE,1291,1228,63,kept,donor1,donor1,0.213212221304707,0.231174698795181
PD-Set23-E2,PM-UM_HCTNJ,PM-UM_HCTNJ,947,777,170,kept,donor4,donor4,0.156399669694467,0.146272590361446
PD-Set24-E1,PM-MS_55245,PM-MS_55245,3273,2563,710,kept,donor2,donor3,0.197740454325761,0.193258935303876
PD-Set24-E1,PM-UD_11614_102,PM-UD_11614_102,2983,2507,476,kept,donor4,donor4,0.18021991300145,0.189036344442769
PD-Set24-E1,PM-UD_11334_001,PM-UD_11334_001,3085,2654,431,kept,donor3,donor1,0.186382310294828,0.200120645453174
PD-Set24-E1,PM-UM_HABI,PM-UM_HABI,1601,1147,454,kept,donor6,donor6,0.096725471242146,0.0864877092444578
PD-Set24-E1,PM-UM_HBRH,PM-UM_HBRH,3358,2652,706,kept,donor1,donor2,0.202875785403577,0.199969838636706
PD-Set24-E1,donor5,PM-UM_HCTYE,2252,1739,513,kept,donor5,donor5,0.136056065732238,0.131126526919017
PD-Set25-E1,PM-UD_11614_102,PM-UD_11614_102,2256,1822,434,kept,donor3,donor3,0.163929661386426,0.171417819173958
PD-Set25-E1,PM-UD_11406_001,PM-UD_11406_001,2241,1857,384,kept,donor4,donor2,0.162839703531463,0.174710697149309
PD-Set25-E1,PM-UM_HBRI,PM-UM_HBRI,1849,1438,411,kept,donor5,donor5,0.134355471588432,0.13529024367297
PD-Set25-E1,PM-UM_HCTZZL,PM-UM_HCTZZL,3444,2896,548,kept,donor1,donor1,0.250254323499491,0.272462131903283
PD-Set25-E1,donor4,PM-UM_HCTYE,1703,1167,536,kept,donor6,donor6,0.123746548466793,0.109793959920971
PD-Set25-E1,donor5,PM-UM_HTM,2269,1449,820,kept,donor2,donor4,0.164874291527394,0.136325148179509
PD-Set25-E2,PM-UD_11614_102,PM-UD_11614_102,2002,1636,366,kept,donor3,donor3,0.164909390444811,0.172938689217759
PD-Set25-E2,PM-UD_11406_001,PM-UD_11406_001,2062,1669,393,kept,donor2,donor2,0.169851729818781,0.176427061310782
PD-Set25-E2,PM-UM_HBRI,PM-UM_HBRI,1524,1218,306,kept,donor5,donor5,0.125535420098847,0.128752642706131
PD-Set25-E2,PM-UM_HCTZZL,PM-UM_HCTZZL,3420,2819,601,kept,donor1,donor1,0.28171334431631,0.29799154334038
PD-Set25-E2,donor4,PM-UM_HTM,1929,1315,614,kept,donor4,donor4,0.158896210873147,0.139006342494715
PD-Set25-E2,donor5,PM-UM_HCTYE,1203,803,400,kept,donor6,donor6,0.0990939044481054,0.0848837209302326
PD-Set26-E2,PM-UD_11614_102,PM-UD_11614_102,3955,3399,556,kept,donor2,donor2,0.277077203306711,0.29175965665236
PD-Set26-E2,PM-UD_11334_001,PM-UD_11334_001,4341,3638,703,kept,donor1,donor1,0.30411937788987,0.312274678111588
PD-Set26-E2,PM-UM_HABI,PM-UM_HABI,2395,2018,377,kept,donor3,donor3,0.167787585820373,0.173218884120172
PD-Set26-E2,PM-UM_HBRH,PM-UM_HBRH,2259,1596,663,kept,donor4,donor4,0.158259773013871,0.136995708154506
PD-Set26-E2,donor4,PM-UD_11614_102,286,157,129,kept,donor6,donor6,0.0200364298724954,0.0134763948497854
PD-Set26-E2,donor5,PM-UM_HCTZZL,1038,842,196,kept,donor5,donor5,0.0727196300966793,0.072274678111588
PD-Set27-E1,PM-UD_11363_001,PM-UD_11363_001,3379,1506,1873,kept,donor3,donor5,0.189289115455717,0.113711869525823
PD-Set27-E1,PM-UD_11412_001,PM-UD_11412_001,3961,3303,658,kept,donor1,donor2,0.221892330961851,0.249395952884325
PD-Set27-E1,PM-UM_BEB18140,PM-UM_BEB18140,3048,2379,669,kept,donor4,donor3,0.170746736877486,0.17962851102386
PD-Set27-E1,PM-UM_HZC,PM-UM_HZC,2454,1972,482,kept,donor5,donor4,0.137471290123803,0.148897614013893
PD-Set27-E1,PM-UM_HCTBY,PM-UM_HCTBY,3915,3310,605,kept,donor2,donor1,0.219315444512912,0.249924494110541
PD-Set27-E1,donor5,PM-MS_69779,1094,774,320,kept,donor6,donor6,0.0612850820682315,0.0584415584415584
PD-Set27-E2,PM-UD_11363_001,PM-UD_11363_001,3472,1580,1892,kept,donor3,donor5,0.18751350183625,0.113857461987461
PD-Set27-E2,PM-UD_11412_001,PM-UD_11412_001,4117,3449,668,kept,donor1,donor2,0.222348239360553,0.248540750882756
PD-Set27-E2,PM-UM_BEB18140,PM-UM_BEB18140,3182,2510,672,kept,donor4,donor3,0.171851371786563,0.180874828853499
PD-Set27-E2,PM-UM_HZC,PM-UM_HZC,2564,2086,478,kept,donor5,donor4,0.138474832577231,0.15032067449737
PD-Set27-E2,PM-UM_HCTBY,PM-UM_HCTBY,4058,3465,593,kept,donor2,donor1,0.219161806005617,0.249693737839591
PD-Set27-E2,donor5,PM-MS_69779,1123,787,336,kept,donor6,donor6,0.060650248433787,0.0567125459393241
PD-Set28-E1,PM-UD_11363_001,PM-UD_11363_001,3374,2844,530,kept,donor3,donor3,0.172415555214881,0.172940103374886
PD-Set28-E1,PM-UM_BEB19010,PM-UM_BEB19010,4954,4356,598,kept,donor1,donor1,0.253155501047575,0.264882943143813
PD-Set28-E1,PM-UM_BEB19108,PM-UM_BEB19108,3056,2660,396,kept,donor4,donor4,0.156165363585262,0.161751292186075
PD-Set28-E1,PM-UM_HCTBY,PM-UM_HCTBY,4511,3843,668,kept,donor2,donor2,0.230517655475497,0.233688051079355
PD-Set28-E1,donor4,PM-UD_11412_001,2558,1877,681,kept,donor5,donor5,0.130716950278502,0.114138035877166
PD-Set28-E1,donor5,PM-MS_70978,1116,865,251,kept,donor6,donor6,0.057028974398283,0.0525995743387048
PD-Set28-E2,PM-UD_11363_001,PM-UD_11363_001,3388,2882,506,kept,donor3,donor3,0.177773113653059,0.178165182987141
PD-Set28-E2,PM-UM_BEB19010,PM-UM_BEB19010,4832,4280,552,kept,donor1,donor1,0.253541819708259,0.264589515331355
PD-Set28-E2,PM-UM_BEB19108,PM-UM_BEB19108,2831,2514,317,kept,donor4,donor4,0.148546542134537,0.155415430267062
PD-Set28-E2,PM-UM_HCTBY,PM-UM_HCTBY,4366,3816,550,kept,donor2,donor2,0.229090145870501,0.235905044510386
PD-Set28-E2,donor4,PM-UD_11412_001,2535,1828,707,kept,donor5,donor5,0.133015006821282,0.113006923837784
PD-Set28-E2,donor5,PM-MS_70978,1106,856,250,kept,donor6,donor6,0.0580333718123623,0.052917903066271
PD-Set29-E1,PM-MS_17629,PM-MS_17629,3086,2525,561,kept,donor3,donor3,0.184238805970149,0.196101273687481
PD-Set29-E1,PM-UD_11609_001,PM-UD_11609_001,2789,2289,500,kept,donor4,donor4,0.166507462686567,0.177772600186393
PD-Set29-E1,PM-UD_11327_001,PM-UD_11327_001,3313,2548,765,kept,donor1,donor2,0.197791044776119,0.197887542715129
PD-Set29-E1,PM-UM_HBHQ,PM-UM_HBHQ,2745,1537,1208,kept,donor5,donor5,0.163880597014925,0.119369369369369
PD-Set29-E1,PM-UM_HCTTO,PM-UM_HCTTO,3200,2735,465,kept,donor2,donor1,0.191044776119403,0.212410686548618
PD-Set29-E1,donor5,PM-MS_616180,1617,1242,375,kept,donor6,donor6,0.0965373134328358,0.0964585274930102
PD-Set29-E2,PM-MS_17629,PM-MS_17629,2933,2460,473,kept,donor3,donor3,0.176156156156156,0.190358275942119
PD-Set29-E2,PM-UD_11609_001,PM-UD_11609_001,2749,2278,471,kept,donor5,donor4,0.165105105105105,0.176274858778921
PD-Set29-E2,PM-UD_11327_001,PM-UD_11327_001,3412,2591,821,kept,donor1,donor2,0.204924924924925,0.200495241043101
PD-Set29-E2,PM-UM_HBHQ,PM-UM_HBHQ,2840,1622,1218,kept,donor4,donor5,0.170570570570571,0.125512651861023
PD-Set29-E2,PM-UM_HCTTO,PM-UM_HCTTO,3160,2776,384,kept,donor2,donor1,0.18978978978979,0.214810802445253
PD-Set29-E2,donor5,PM-MS_616180,1556,1196,360,kept,donor6,donor6,0.0934534534534535,0.0925481699295829
PD-Set30-E1,PM-MS_64111,PM-MS_64111,2344,1737,607,kept,donor6,donor6,0.122248878689893,0.111920103092784
PD-Set30-E1,PM-MS_114382,PM-MS_114382,2822,2147,675,kept,donor4,donor4,0.147178470845937,0.138337628865979
PD-Set30-E1,PM-UD_11610_001,PM-UD_11610_001,2384,1838,546,kept,donor5,donor5,0.124335037029311,0.118427835051546
PD-Set30-E1,PM-UM_BEB20006,PM-UM_BEB20006,3278,2760,518,kept,donor3,donor3,0.170960675915302,0.177835051546392
PD-Set30-E1,PM-UM_BEB20013,PM-UM_BEB20013,4106,3368,738,kept,donor2,donor2,0.214144153541254,0.21701030927835
PD-Set30-E1,PM-UM_HCTWJ,PM-UM_HCTWJ,4240,3670,570,kept,donor1,donor1,0.221132783978304,0.236469072164948
PD-Set30-E2,PM-MS_64111,PM-MS_64111,2377,1732,645,kept,donor5,donor5,0.122601609242831,0.111554811284297
PD-Set30-E2,PM-MS_114382,PM-MS_114382,2961,2218,743,kept,donor4,donor4,0.152723334021044,0.142857142857143
PD-Set30-E2,PM-UD_11610_001,PM-UD_11610_001,2348,1725,623,kept,donor6,donor6,0.121105838663091,0.111103954656705
PD-Set30-E2,PM-UM_BEB20006,PM-UM_BEB20006,3300,2798,502,kept,donor3,donor3,0.170208376315247,0.180213834857658
PD-Set30-E2,PM-UM_BEB20013,PM-UM_BEB20013,4197,3443,754,kept,donor2,donor2,0.216474107695482,0.221757052685817
PD-Set30-E2,PM-UM_HCTWJ,PM-UM_HCTWJ,4205,3610,595,kept,donor1,donor1,0.216886734062307,0.232513203658379
PD-Set31-E1,PM-MS_29270,PM-MS_29270,3433,2544,889,kept,donor4,donor4,0.179465732657222,0.169883138564274
PD-Set31-E1,PM-UD_11604_001,PM-UD_11604_001,4478,3708,770,kept,donor1,donor1,0.234094829839511,0.247612687813022
PD-Set31-E1,PM-UD_11334_001,PM-UD_11334_001,3685,3123,562,kept,donor3,donor3,0.192639447958597,0.208547579298831
PD-Set31-E1,PM-UM_HCTZZL,PM-UM_HCTZZL,4112,3267,845,kept,donor2,donor2,0.214961576663704,0.218163606010017
PD-Set31-E1,donor4,PM-UM_HTM,2443,1602,841,kept,donor5,donor5,0.127711851116106,0.106978297161937
PD-Set31-E1,donor5,PM-UM_HBRI,978,731,247,kept,donor6,donor6,0.0511265617648596,0.0488146911519199
PD-Set31-E2,PM-MS_29270,PM-MS_29270,2922,2148,774,kept,donor4,donor4,0.166704701049749,0.155224743460038
PD-Set31-E2,PM-UD_11604_001,PM-UD_11604_001,4124,3502,622,kept,donor1,donor1,0.235280693747147,0.253071253071253
PD-Set31-E2,PM-UD_11334_001,PM-UD_11334_001,3385,2868,517,kept,donor3,donor3,0.193119580100411,0.207255383725972
PD-Set31-E2,PM-UM_HCTZZL,PM-UM_HCTZZL,3790,3017,773,kept,donor2,donor2,0.216225467822912,0.218022835669894
PD-Set31-E2,donor4,PM-UM_HTM,2296,1523,773,kept,donor5,donor5,0.130990415335463,0.110059257118081
PD-Set31-E2,donor5,PM-UM_HBRI,1011,780,231,kept,donor6,donor6,0.0576791419443177,0.0563665269547623
PD-Set32-E1,PM-MS_616180,PM-MS_616180,3722,3251,471,kept,donor2,donor2,0.217064209482708,0.228316595266521
PD-Set32-E1,PM-UD_40312_001,PM-UD_40312_001,3951,3568,383,kept,donor1,donor1,0.230419315332128,0.250579394620409
PD-Set32-E1,PM-UD_40301_001,PM-UD_40301_001,3457,3011,446,kept,donor3,donor3,0.201609611010672,0.211461479036449
PD-Set32-E1,PM-UM_HBHQ,PM-UM_HBHQ,2192,1245,947,kept,donor5,donor5,0.12783577302152,0.0874359154435002
PD-Set32-E1,PM-UM_HCTTO,PM-UM_HCTTO,2679,2291,388,kept,donor4,donor4,0.156237242666356,0.160896130346232
PD-Set32-E1,donor5,PM-MS_70978,1146,873,273,kept,donor6,donor6,0.0668338484866157,0.0613104852868881
PD-Set32-E2,PM-MS_616180,PM-MS_616180,3775,3312,463,kept,donor2,donor2,0.220657002571896,0.233321592109898
PD-Set32-E2,PM-UD_40312_001,PM-UD_40312_001,3859,3506,353,kept,donor1,donor1,0.225566986205284,0.246988376188799
PD-Set32-E2,PM-UD_40301_001,PM-UD_40301_001,3482,3014,468,kept,donor3,donor3,0.20353051204115,0.212328284607256
PD-Set32-E2,PM-UM_HBHQ,PM-UM_HBHQ,2228,1279,949,kept,donor5,donor5,0.130231470657003,0.0901021486438887
PD-Set32-E2,PM-UM_HCTTO,PM-UM_HCTTO,2609,2243,366,kept,donor4,donor4,0.152501753565583,0.158013384994716
PD-Set32-E2,donor5,PM-MS_70978,1155,841,314,kept,donor6,donor6,0.0675122749590835,0.0592462134554421
PD-Set33-C1,PM-MS_85716,PM-MS_85716,2667,2180,487,kept,donor5,donor5,0.118087226034979,0.132894415996099
PD-Set33-C1,PM-UD_11363_001,PM-UD_11363_001,2632,1841,791,kept,donor6,donor6,0.116537524905911,0.112228724701292
PD-Set33-C1,PM-UD_11412_001,PM-UD_11412_001,4801,3090,1711,kept,donor2,donor3,0.212574717733009,0.188368690563277
PD-Set33-C1,PM-UM_BEB18140,PM-UM_BEB18140,4489,3391,1098,kept,donor3,donor2,0.198760239096746,0.206717873689344
PD-Set33-C1,PM-UM_BEB19108,PM-UM_BEB19108,3110,2346,764,kept,donor4,donor4,0.137702014611468,0.143013899049012
PD-Set33-C1,PM-UM_HCTBY,PM-UM_HCTBY,4886,3556,1330,kept,donor1,donor1,0.216338277617888,0.216776396000975
PD-Set33-C2,PM-MS_85716,PM-MS_85716,2720,2446,274,kept,donor5,donor5,0.127573753576286,0.137833878057027
PD-Set33-C2,PM-UD_11363_001,PM-UD_11363_001,2558,1955,603,kept,donor6,donor6,0.119975610900052,0.110165671137158
PD-Set33-C2,PM-UD_11412_001,PM-UD_11412_001,4453,3545,908,kept,donor1,donor2,0.208855119365883,0.199763326946918
PD-Set33-C2,PM-UM_BEB18140,PM-UM_BEB18140,4139,3533,606,kept,donor3,donor3,0.194127855166268,0.199087118223825
PD-Set33-C2,PM-UM_BEB19108,PM-UM_BEB19108,3114,2606,508,kept,donor4,donor4,0.146053186998734,0.146849994364927
PD-Set33-C2,PM-UM_HCTBY,PM-UM_HCTBY,4337,3661,676,kept,donor2,donor1,0.203414473992777,0.206300011270145
PD-Set34-C1,PM-MS_17629,PM-MS_17629,3508,2779,729,kept,donor4,donor4,0.139783232387631,0.135428849902534
PD-Set34-C1,PM-UD_11494_001,PM-UD_11494_001,5618,4722,896,kept,donor1,donor1,0.223860376155563,0.230116959064327
PD-Set34-C1,PM-UM_BEB19010,PM-UM_BEB19010,4867,3844,1023,kept,donor2,donor3,0.19393528849219,0.187329434697856
PD-Set34-C1,PM-UM_HBOQ,PM-UM_HBOQ,4830,4142,688,kept,donor3,donor2,0.192460949952184,0.201851851851852
PD-Set34-C1,donor4,PM-UD_11466_001,2962,2356,606,kept,donor6,donor6,0.118026777175646,0.114814814814815
PD-Set34-C1,donor5,PM-UM_BEB19157,3311,2677,634,kept,donor5,donor5,0.131933375836787,0.130458089668616
PD-Set34-C2,PM-MS_17629,PM-MS_17629,3380,2707,673,kept,donor4,donor4,0.142363743576784,0.140019655511302
PD-Set34-C2,PM-UD_11494_001,PM-UD_11494_001,5194,4323,871,kept,donor1,donor1,0.218768427259708,0.2236073035742
PD-Set34-C2,PM-UM_BEB19010,PM-UM_BEB19010,4809,3764,1045,kept,donor2,donor3,0.202552438716199,0.194693011948482
PD-Set34-C2,PM-UM_HBOQ,PM-UM_HBOQ,4476,3824,652,kept,donor3,donor2,0.188526661612333,0.197796513732995
PD-Set34-C2,donor4,PM-UM_BEB19157,3005,2436,569,kept,donor5,donor5,0.126568949540898,0.126002172451249
PD-Set34-C2,donor5,PM-UD_11466_001,2878,2279,599,kept,donor6,donor6,0.121219779294078,0.117881342781772
PD-Set36-C1,PM-MS_64111,PM-MS_64111,3576,2740,836,kept,donor3,donor4,0.173322993408298,0.165438956647748
PD-Set36-C1,PM-UD_11610_001,PM-UD_11610_001,3656,2957,699,kept,donor2,donor2,0.177200465296627,0.178541238980799
PD-Set36-C1,PM-UD_11197_001,PM-UD_11197_001,2555,2006,549,kept,donor6,donor6,0.123836758433501,0.121120637604154
PD-Set36-C1,PM-UM_BEB19126,PM-UM_BEB19126,3509,2848,661,kept,donor4,donor3,0.170075610701822,0.171959908223645
PD-Set36-C1,PM-UM_BEB20013,PM-UM_BEB20013,4669,3861,808,kept,donor1,donor1,0.22629895308259,0.233124018838305
PD-Set36-C1,PM-UM_HCTWJ,PM-UM_HCTWJ,2667,2150,517,kept,donor5,donor5,0.129265219077162,0.12981523970535
PD-Set36-C2,PM-MS_64111,PM-MS_64111,3568,2799,769,kept,donor4,donor4,0.167645538692853,0.16318796641791
PD-Set36-C2,PM-UD_11610_001,PM-UD_11610_001,3807,3084,723,kept,donor2,donor2,0.178875158577268,0.179804104477612
PD-Set36-C2,PM-UD_11197_001,PM-UD_11197_001,2870,2280,590,kept,donor5,donor5,0.134849410327491,0.132929104477612
PD-Set36-C2,PM-UM_BEB19126,PM-UM_BEB19126,3755,3016,739,kept,donor3,donor3,0.176431893999906,0.175839552238806
PD-Set36-C2,PM-UM_BEB20013,PM-UM_BEB20013,4570,3728,842,kept,donor1,donor1,0.214725367664333,0.217350746268657
PD-Set36-C2,PM-UM_HCTWJ,PM-UM_HCTWJ,2713,2245,468,kept,donor6,donor6,0.127472630738148,0.130888526119403
PD-Set39-C1,PM-MS_17629,PM-MS_17629,4509,3857,652,kept,donor2,donor2,0.188929858375932,0.191680747440612
PD-Set39-C1,PM-UD_11363_001,PM-UD_11363_001,3454,2992,462,kept,donor5,donor5,0.14472471298081,0.14869297286552
PD-Set39-C1,PM-UD_11412_001,PM-UD_11412_001,4150,3619,531,kept,donor3,donor3,0.173887538758066,0.17985289732631
PD-Set39-C1,PM-UM_BEB18140,PM-UM_BEB18140,5046,4064,982,kept,donor1,donor1,0.211430486885108,0.201967995229102
PD-Set39-C1,donor4,PM-UM_HZC,2572,2009,563,kept,donor6,donor6,0.107768373418252,0.0998409700824968
PD-Set39-C1,donor5,PM-UM_HCTZZM,4135,3581,554,kept,donor4,donor4,0.173259029581832,0.177964417055959
PD-Set39-C2,PM-MS_17629,PM-MS_17629,4449,3893,556,kept,donor2,donor2,0.189690457917626,0.192541668727435
PD-Set39-C2,PM-UD_11363_001,PM-UD_11363_001,3391,2956,435,kept,donor5,donor5,0.144580881725932,0.146199119639943
PD-Set39-C2,PM-UD_11412_001,PM-UD_11412_001,4056,3577,479,kept,donor3,donor3,0.172934254284983,0.176912804787576
PD-Set39-C2,PM-UM_BEB18140,PM-UM_BEB18140,5061,4255,806,kept,donor1,donor1,0.215784088002047,0.210445620456007
PD-Set39-C2,donor4,PM-UM_HCTZZM,3991,3498,493,kept,donor4,donor4,0.170162872004775,0.173005588802611
PD-Set39-C2,donor5,PM-UM_HZC,2506,2040,466,kept,donor6,donor6,0.106847446064637,0.100895197586429
PD-Set41-C2,PM-MS_458379,PM-MS_458379,2970,1899,1071,kept,donor4,donor4,0.161351659694681,0.135895234006011
PD-Set41-C2,PM-UD_11609_001,PM-UD_11609_001,5008,4291,717,kept,donor1,donor1,0.272070407996958,0.30707027336482
PD-Set41-C2,PM-UD_11327_001,PM-UD_11327_001,3295,2419,876,kept,donor3,donor3,0.179007986092248,0.173107199084013
PD-Set41-C2,PM-UM_HBHQ,PM-UM_HBHQ,2465,1625,840,kept,donor5,donor5,0.133916444830771,0.116287390868756
PD-Set41-C2,PM-UM_HCTTO,PM-UM_HCTTO,3807,3294,513,kept,donor2,donor2,0.206823491063182,0.235723486474882
PD-Set41-C2,donor5,PM-MS_30944,862,446,416,kept,donor6,donor6,0.0468300103221601,0.0319164162015171
PD-Set41-C1,PM-MS_458379,PM-MS_458379,2882,1814,1068,kept,donor4,donor4,0.1565453557849,0.130101126013053
PD-Set41-C1,PM-UD_11609_001,PM-UD_11609_001,5092,4376,716,kept,donor1,donor1,0.276588810429115,0.313849243347917
PD-Set41-C1,PM-UD_11327_001,PM-UD_11327_001,3247,2429,818,kept,donor3,donor3,0.176371537208039,0.174209280642616
PD-Set41-C1,PM-UM_HBHQ,PM-UM_HBHQ,2496,1577,919,kept,donor5,donor5,0.135578489951114,0.113103349350929
PD-Set41-C1,PM-UM_HCTTO,PM-UM_HCTTO,3870,3308,562,kept,donor2,donor2,0.210211841390549,0.237251667503407
PD-Set41-C1,donor5,PM-MS_30944,823,439,384,kept,donor6,donor6,0.0447039652362846,0.0314853331420785
PD-Set42-E1,PM-MS_840752,PM-MS_840752,1385,898,487,kept,donor5,donor5,0.0926979452513219,0.074049641296281
PD-Set42-E1,PM-UD_1052_001,PM-UD_1052_001,3514,2968,546,kept,donor3,donor3,0.235191754233318,0.244743135152964
PD-Set42-E1,PM-UD_40312_001,PM-UD_40312_001,3618,3075,543,kept,donor2,donor2,0.242152466367713,0.253566422033479
PD-Set42-E1,PM-UM_BEB19139,PM-UM_BEB19139,3818,3156,662,kept,donor1,donor1,0.25553845124155,0.260245732662654
PD-Set42-E1,donor4,PM-UM_BEB18119,861,617,244,kept,donor6,donor6,0.0576266648818687,0.0508782056567989
PD-Set42-E1,donor5,PM-MS_85716,1745,1413,332,kept,donor4,donor4,0.116792718024229,0.116516863197823
PD-Set42-E2,PM-MS_840752,PM-MS_840752,1129,762,367,kept,donor5,donor5,0.0854590871243661,0.0738658394726638
PD-Set42-E2,PM-UD_1052_001,PM-UD_1052_001,3267,2655,612,kept,donor2,donor2,0.24729392173189,0.257367196587825
PD-Set42-E2,PM-UD_40312_001,PM-UD_40312_001,3168,2475,693,kept,donor3,donor3,0.239800166527893,0.239918573090345
PD-Set42-E2,PM-UM_BEB19139,PM-UM_BEB19139,3368,2709,659,kept,donor1,donor1,0.254939065929907,0.262601783637069
PD-Set42-E2,donor4,PM-UM_BEB18119,732,492,240,kept,donor6,donor6,0.0554083718113693,0.0476929042264444
PD-Set42-E2,donor5,PM-MS_85716,1547,1223,324,kept,donor4,donor4,0.117099386874574,0.118553702985653
PD-Set43-E1,PM-UD_11494_001,PM-UD_11494_001,4140,3745,395,kept,donor1,donor1,0.269233270468882,0.291621242797072
PD-Set43-E1,PM-UM_BEB19010,PM-UM_BEB19010,2802,2246,556,kept,donor3,donor3,0.182220198998504,0.17489487618751
PD-Set43-E1,PM-UM_HCTBY,PM-UM_HCTBY,3457,3074,383,kept,donor2,donor2,0.22481628406061,0.239370814514873
PD-Set43-E1,donor3,PM-UM_BEB19108,1576,1202,374,kept,donor5,donor5,0.102490732912792,0.0935991278617038
PD-Set43-E1,donor4,PM-UD_11466_001,2510,2004,506,kept,donor4,donor4,0.163230799245627,0.156050459429995
PD-Set43-E1,donor5,PM-MS_29270,892,571,321,kept,donor6,donor6,0.0580087143135852,0.044463479208846
PD-Set43-E2,PM-UD_11494_001,PM-UD_11494_001,3608,3215,393,kept,donor1,donor1,0.255018377155782,0.277155172413793
PD-Set43-E2,PM-UM_BEB19010,PM-UM_BEB19010,2454,1941,513,kept,donor4,donor4,0.173452078032231,0.167327586206897
PD-Set43-E2,PM-UM_HCTBY,PM-UM_HCTBY,3170,2794,376,kept,donor2,donor2,0.224059937800396,0.240862068965517
PD-Set43-E2,donor3,PM-UD_11466_001,2492,1959,533,kept,donor3,donor3,0.1761379700311,0.168879310344828
PD-Set43-E2,donor4,PM-UM_BEB19108,1548,1135,413,kept,donor5,donor5,0.10941475826972,0.0978448275862069
PD-Set43-E2,donor5,PM-MS_29270,876,556,320,kept,donor6,donor6,0.0619168787107718,0.0479310344827586
PD-Set44-E1,PM-MS_616180,PM-MS_616180,1440,1269,171,kept,donor5,donor5,0.0911046438061496,0.0953060458129929
PD-Set44-E1,PM-MS_17629,PM-MS_17629,1893,1626,267,kept,donor4,donor4,0.119764646336834,0.122117912129178
PD-Set44-E1,PM-UD_40312_001,PM-UD_40312_001,3820,3307,513,kept,donor2,donor2,0.241680374541313,0.248366503942921
PD-Set44-E1,PM-UD_40301_001,PM-UD_40301_001,3920,3555,365,kept,donor1,donor1,0.24800708591674,0.266992114156966
PD-Set44-E1,PM-UM_BEB18119,PM-UM_BEB18119,3469,2825,644,kept,donor3,donor3,0.219473617613564,0.212166729252722
PD-Set44-E1,donor5,PM-UM_HBHQ,1264,733,531,kept,donor6,donor6,0.079969631785398,0.0550506947052197
PD-Set44-E2,PM-MS_616180,PM-MS_616180,1513,1226,287,kept,donor6,donor5,0.0899417429556533,0.0930832890441121
PD-Set44-E2,PM-MS_17629,PM-MS_17629,2058,1657,401,kept,donor4,donor4,0.122339793128047,0.125806696530256
PD-Set44-E2,PM-UD_40312_001,PM-UD_40312_001,3849,3064,785,kept,donor2,donor2,0.228807513969801,0.232632298230962
PD-Set44-E2,PM-UD_40301_001,PM-UD_40301_001,4231,3588,643,kept,donor1,donor1,0.251515872072286,0.272416672993698
PD-Set44-E2,PM-UM_BEB18119,PM-UM_BEB18119,3652,2802,850,kept,donor3,donor3,0.217096659136845,0.212740110849594
PD-Set44-E2,donor5,PM-UM_HBHQ,1519,834,685,kept,donor5,donor6,0.0902984187373677,0.063320932351378
PD-Set47-C1,PM-UD_11406_001,PM-UD_11406_001,1217,867,350,kept,donor6,donor6,0.109187152341647,0.0910331793364133
PD-Set47-C1,PM-UD_11353_001,PM-UD_11353_001,2012,1764,248,kept,donor3,donor3,0.180513188587834,0.185216295674087
PD-Set47-C1,PM-UM_BEB18140,PM-UM_BEB18140,2486,2160,326,kept,donor2,donor2,0.223039655481787,0.226795464090718
PD-Set47-C1,PM-UM_HZC,PM-UM_HZC,1598,1354,244,kept,donor4,donor4,0.143369818769065,0.142167156656867
PD-Set47-C1,PM-UM_HCTYE,PM-UM_HCTYE,1315,1015,300,kept,donor5,donor5,0.117979544231114,0.106572868542629
PD-Set47-C1,PM-UM_HCTZZM,PM-UM_HCTZZM,2518,2364,154,kept,donor1,donor1,0.225910640588552,0.248215035699286
PD-Set47-C2,PM-UD_11406_001,PM-UD_11406_001,2322,1687,635,kept,donor6,donor6,0.107789434592888,0.0962405157168121
PD-Set47-C2,PM-UD_11353_001,PM-UD_11353_001,3930,3352,578,kept,donor3,donor3,0.18243431436264,0.191225968395231
PD-Set47-C2,PM-UM_BEB18140,PM-UM_BEB18140,4698,3851,847,kept,donor2,donor2,0.21808560022282,0.219693080038793
PD-Set47-C2,PM-UM_HZC,PM-UM_HZC,3174,2606,568,kept,donor4,donor4,0.147340079844026,0.148667921729705
PD-Set47-C2,PM-UM_HCTYE,PM-UM_HCTYE,2614,1958,656,kept,donor5,donor5,0.121344350570978,0.111700610417023
PD-Set47-C2,PM-UM_HCTZZM,PM-UM_HCTZZM,4804,4075,729,kept,donor1,donor1,0.223006220406647,0.232471903702436
PD-Set48-E1,PM-MS_38636,PM-MS_38636,2651,2142,509,kept,donor4,donor4,0.160307189937715,0.16887417218543
PD-Set48-E1,PM-UD_11334_001,PM-UD_11334_001,3805,3165,640,kept,donor1,donor1,0.230090100985668,0.249526963103122
PD-Set48-E1,PM-UM_HBRH,PM-UM_HBRH,2959,2166,793,kept,donor2,donor3,0.178932091673218,0.170766319772942
PD-Set48-E1,PM-UM_HCTZZL,PM-UM_HCTZZL,2934,2446,488,kept,donor3,donor2,0.177420330168713,0.19284137496058
PD-Set48-E1,donor4,PM-UD_11614_102,2205,1464,741,kept,donor5,donor5,0.133337364697345,0.115421002838221
PD-Set48-E1,donor5,PM-UM_HTM,1983,1301,682,kept,donor6,donor6,0.119912922537341,0.102570167139704
PD-Set48-E2,PM-MS_38636,PM-MS_38636,2475,2060,415,kept,donor4,donor3,0.162124983623739,0.169770891709247
PD-Set48-E2,PM-UD_11334_001,PM-UD_11334_001,3532,3029,503,kept,donor1,donor1,0.231363815013756,0.249629141255975
PD-Set48-E2,PM-UM_HBRH,PM-UM_HBRH,2691,1974,717,kept,donor3,donor4,0.176274073103629,0.162683369045657
PD-Set48-E2,PM-UM_HCTZZL,PM-UM_HCTZZL,2721,2311,410,kept,donor2,donor2,0.17823922442028,0.190456568320422
PD-Set48-E2,donor4,PM-UM_HTM,1843,1334,509,kept,donor6,donor6,0.120725795886283,0.109939014339871
PD-Set48-E2,donor5,PM-UD_11614_102,2004,1426,578,kept,donor5,donor5,0.131272107952312,0.117521015328828
PD-Set50-C1,PM-UD_1052_001,PM-UD_1052_001,3124,2399,725,kept,donor4,donor4,0.158409816946402,0.157054009819967
PD-Set50-C1,PM-UD_11485_001,PM-UD_11485_001,4255,3489,766,kept,donor2,donor2,0.215759849906191,0.228412438625205
PD-Set50-C1,PM-UM_BEB19139,PM-UM_BEB19139,3763,2647,1116,kept,donor3,donor3,0.190811824958166,0.17328968903437
PD-Set50-C1,PM-UM_HBHE,PM-UM_HBHE,6067,5115,952,kept,donor1,donor1,0.307641600324527,0.334860883797054
PD-Set50-C1,donor4,PM-UM_BEB18119,1657,1207,450,kept,donor5,donor5,0.0840221084123523,0.0790180032733224
PD-Set50-C1,donor5,PM-MS_30944,855,418,437,kept,donor6,donor6,0.0433547994523604,0.0273649754500818
PD-Set50-C2,PM-UD_1052_001,PM-UD_1052_001,2905,2248,657,kept,donor4,donor4,0.159047358335615,0.163574183220549
PD-Set50-C2,PM-UD_11485_001,PM-UD_11485_001,3959,3167,792,kept,donor2,donor2,0.216753353408158,0.230444589973077
PD-Set50-C2,PM-UM_BEB19139,PM-UM_BEB19139,3474,2377,1097,kept,donor3,donor3,0.190199835751437,0.172960780033472
PD-Set50-C2,PM-UM_HBHE,PM-UM_HBHE,5403,4385,1018,kept,donor1,donor1,0.295811661647961,0.319071527323001
PD-Set50-C2,donor4,PM-UM_BEB18119,1681,1203,478,kept,donor5,donor5,0.0920339447029838,0.0875354726042349
PD-Set50-C2,donor5,PM-MS_30944,843,363,480,kept,donor6,donor6,0.0461538461538462,0.0264134468456669
PD-Set51-C1,PM-MS_202387,PM-MS_202387,3629,2864,765,kept,donor4,donor4,0.168071507965913,0.168045531889925
PD-Set51-C1,PM-UD_11406_001,PM-UD_11406_001,3751,3270,481,kept,donor3,donor3,0.17372174879585,0.191867628938567
PD-Set51-C1,PM-UD_11353_001,PM-UD_11353_001,4328,3337,991,kept,donor2,donor2,0.200444609114487,0.195798861702752
PD-Set51-C1,PM-UM_BEB20014,PM-UM_BEB20014,4613,3783,830,kept,donor1,donor1,0.213643942200815,0.221967963386728
PD-Set51-C1,PM-UM_HBRE,PM-UM_HBRE,3312,2618,694,kept,donor5,donor5,0.153390144497962,0.15361145338262
PD-Set51-C1,donor5,PM-UM_HCTYE,1959,1171,788,kept,donor6,donor6,0.0907280474249722,0.0687085606994074
PD-Set51-C2,PM-MS_202387,PM-MS_202387,3777,3051,726,kept,donor4,donor4,0.171494733018525,0.174094151212554
PD-Set51-C2,PM-UD_11406_001,PM-UD_11406_001,3840,3332,508,kept,donor3,donor3,0.17435524881947,0.190128388017118
PD-Set51-C2,PM-UD_11353_001,PM-UD_11353_001,4322,3357,965,kept,donor2,donor2,0.19624046494733,0.191554921540656
PD-Set51-C2,PM-UM_BEB20014,PM-UM_BEB20014,4699,3881,818,kept,donor1,donor1,0.213358154740283,0.221455064194009
PD-Set51-C2,PM-UM_HBRE,PM-UM_HBRE,3476,2753,723,kept,donor5,donor5,0.157827824191791,0.157089871611983
PD-Set51-C2,donor5,PM-UM_HCTYE,1910,1151,759,kept,donor6,donor6,0.0867235742826008,0.0656776034236805
PD-Set52-C1,PM-UD_11689_001,PM-UD_11689_001,1245,867,378,kept,donor5,donor5,0.121014774494557,0.114576450376635
PD-Set52-C1,PM-UM_BEB19010,PM-UM_BEB19010,2605,2032,573,kept,donor1,donor1,0.253207620528771,0.26853442579622
PD-Set52-C1,PM-UM_BEB19108,PM-UM_BEB19108,1741,1088,653,kept,donor4,donor4,0.169226283048211,0.143782212237346
PD-Set52-C1,PM-UM_BEB20006,PM-UM_BEB20006,1809,1332,477,kept,donor3,donor3,0.175835925349922,0.176027487775869
PD-Set52-C1,PM-UM_HCTIX,PM-UM_HCTIX,2193,1743,450,kept,donor2,donor2,0.213160964230171,0.230342275670675
PD-Set52-C1,donor5,PM-UM_HCTIX,695,505,190,kept,donor6,donor6,0.067554432348367,0.0667371481432536
PD-Set52-C2,PM-UD_11689_001,PM-UD_11689_001,2145,1568,577,kept,donor5,donor5,0.126720623855379,0.118545399561503
PD-Set52-C2,PM-UM_BEB19010,PM-UM_BEB19010,4153,3522,631,kept,donor2,donor2,0.245347669403911,0.266273531413019
PD-Set52-C2,PM-UM_BEB19108,PM-UM_BEB19108,2674,1661,1013,kept,donor4,donor4,0.157972470018314,0.125576472367128
PD-Set52-C2,PM-UM_BEB20006,PM-UM_BEB20006,3020,2327,693,kept,donor3,donor3,0.178413186034147,0.175928026007409
PD-Set52-C2,PM-UM_HCTIX,PM-UM_HCTIX,4657,4017,640,kept,donor1,donor1,0.275122585218881,0.303696983442958
PD-Set52-C2,donor5,PM-UM_HCTIX,278,132,146,kept,donor6,donor6,0.0164234654693685,0.00997958720798367
PD-Set53-C2,PM-MS_69779,PM-MS_69779,3399,2515,884,kept,donor5,donor5,0.132996830613922,0.121838969092142
PD-Set53-C2,PM-MS_272264,PM-MS_272264,2793,2121,672,kept,donor6,donor6,0.109285127362366,0.102751671349675
PD-Set53-C2,PM-UD_11701_001,PM-UD_11701_001,4361,3760,601,kept,donor2,donor2,0.170638181320186,0.182152892161612
PD-Set53-C2,PM-UD_11659_001,PM-UD_11659_001,6905,5837,1068,kept,donor1,donor1,0.270180381108894,0.282772987113652
PD-Set53-C2,PM-UM_HBHE,PM-UM_HBHE,3815,2664,1151,kept,donor4,donor4,0.149274171459874,0.129057261893227
PD-Set53-C2,PM-UM_HCTIX,PM-UM_HCTIX,4284,3745,539,kept,donor3,donor3,0.167625308134758,0.181426218389691
PD-Set53-C1,PM-MS_69779,PM-MS_69779,3705,2715,990,kept,donor5,donor5,0.131308477459597,0.122154233780257
PD-Set53-C1,PM-MS_272264,PM-MS_272264,3075,2236,839,kept,donor6,donor6,0.108980720158775,0.100602897507424
PD-Set53-C1,PM-UD_11701_001,PM-UD_11701_001,4765,3974,791,kept,donor3,donor3,0.168875815140346,0.178799604067309
PD-Set53-C1,PM-UD_11659_001,PM-UD_11659_001,7532,6168,1364,kept,donor1,donor1,0.266940742840941,0.277512822820121
PD-Set53-C1,PM-UM_HBHE,PM-UM_HBHE,4341,2980,1361,kept,donor4,donor4,0.153848880068047,0.134077206874831
PD-Set53-C1,PM-UM_HCTIX,PM-UM_HCTIX,4798,4153,645,kept,donor2,donor2,0.170045364332294,0.186853234950058
PD-Set55-C1,PM-MS_69190,PM-MS_69190,3656,2987,669,kept,donor4,donor2,0.187824300025687,0.205659597906913
PD-Set55-C1,PM-UD_11406_001,PM-UD_11406_001,3978,2709,1269,kept,donor2,donor4,0.204366812227074,0.186518865326356
PD-Set55-C1,PM-UD_11353_001,PM-UD_11353_001,1926,1244,682,kept,donor6,donor6,0.0989468276393527,0.0856513357201873
PD-Set55-C1,PM-UM_HABI,PM-UM_HABI,4028,3249,779,kept,donor1,donor1,0.206935525301824,0.223698705590746
PD-Set55-C1,PM-UM_HBRE,PM-UM_HBRE,3712,2934,778,kept,donor3,donor3,0.190701258669407,0.202010465436519
PD-Set55-C1,donor5,PM-UM_HCTYE,2165,1401,764,kept,donor5,donor5,0.111225276136656,0.0964610300192784
PD-Set55-C2,PM-MS_69190,PM-MS_69190,3395,3117,278,kept,donor3,donor2,0.194077631052421,0.208886208283072
PD-Set55-C2,PM-UD_11406_001,PM-UD_11406_001,3420,2715,705,kept,donor2,donor4,0.195506774138227,0.18194611982308
PD-Set55-C2,PM-UD_11353_001,PM-UD_11353_001,1687,1331,356,kept,donor6,donor6,0.0964385754301721,0.0891971585578341
PD-Set55-C2,PM-UM_HABI,PM-UM_HABI,3691,3341,350,kept,donor1,donor1,0.210998685188361,0.223897600857794
PD-Set55-C2,PM-UM_HBRE,PM-UM_HBRE,3235,2809,426,kept,donor4,donor3,0.184931115303264,0.188245543492829
PD-Set55-C2,donor5,PM-UM_HCTYE,2065,1609,456,kept,donor5,donor5,0.118047218887555,0.107827368985391
PD-Set59-C1,PM-MS_114382,PM-MS_114382,2120,1551,569,kept,donor6,donor5,0.0934497046636692,0.100635868154685
PD-Set59-C1,PM-UD_11689_001,PM-UD_11689_001,4373,3610,763,kept,donor3,donor2,0.192762055893503,0.234233065144044
PD-Set59-C1,PM-UM_BEB20006,PM-UM_BEB20006,3414,2419,995,kept,donor4,donor3,0.150489288548003,0.156955618998183
PD-Set59-C1,PM-UM_BEB20013,PM-UM_BEB20013,5095,4458,637,kept,donor1,donor1,0.224587851538394,0.289255125875941
PD-Set59-C1,PM-UM_HCTWJ,PM-UM_HCTWJ,4606,1119,3487,kept,donor2,donor6,0.203032707396632,0.0726057617440955
PD-Set59-C1,donor5,PM-MS_85716,3078,2255,823,kept,donor5,donor4,0.135678391959799,0.146314560083052
PD-Set59-C2,PM-MS_114382,PM-MS_114382,1953,1420,533,kept,donor6,donor5,0.0935300033523299,0.0994258507211875
PD-Set59-C2,PM-UD_11689_001,PM-UD_11689_001,4060,3430,630,kept,donor3,donor2,0.19443513241703,0.240162442234981
PD-Set59-C2,PM-UM_BEB20006,PM-UM_BEB20006,3137,2251,886,kept,donor4,donor3,0.150232268569513,0.157610978854502
PD-Set59-C2,PM-UM_BEB20013,PM-UM_BEB20013,4636,4092,544,kept,donor1,donor1,0.222020018198362,0.28651449376838
PD-Set59-C2,PM-UM_HCTWJ,PM-UM_HCTWJ,4387,1123,3264,kept,donor2,donor6,0.21009530194914,0.078630443915418
PD-Set59-C2,donor5,PM-MS_85716,2708,1966,742,kept,donor5,donor4,0.129687275513625,0.137655790505531
PD-Set60-E1,PM-UD_11494_001,PM-UD_11494_001,4321,3848,473,kept,donor1,donor1,0.255847001006572,0.269618834080717
PD-Set60-E1,PM-UD_11466_001,PM-UD_11466_001,3639,3161,478,kept,donor2,donor2,0.215465687725739,0.221482623318386
PD-Set60-E1,PM-UM_BEB19010,PM-UM_BEB19010,2270,1671,599,kept,donor5,donor5,0.134407010480194,0.117082399103139
PD-Set60-E1,PM-UM_BEB19157,PM-UM_BEB19157,3121,2723,398,kept,donor3,donor3,0.184794836876073,0.190793161434978
PD-Set60-E1,donor4,PM-UM_BEB19108,1046,828,218,kept,donor6,donor6,0.0619338030670851,0.0580156950672646
PD-Set60-E1,donor5,PM-MS_38636,2492,2041,451,kept,donor4,donor4,0.147551660844337,0.143007286995516
PD-Set60-E2,PM-UD_11494_001,PM-UD_11494_001,5367,4355,1012,kept,donor1,donor1,0.263773529267214,0.280190439426108
PD-Set60-E2,PM-UD_11466_001,PM-UD_11466_001,4368,3603,765,kept,donor2,donor2,0.214675382120214,0.231808531171588
PD-Set60-E2,PM-UM_BEB19010,PM-UM_BEB19010,2664,1684,980,kept,donor5,donor5,0.130928392391999,0.108344592421026
PD-Set60-E2,PM-UM_BEB19157,PM-UM_BEB19157,3724,2857,867,kept,donor3,donor3,0.183024524499926,0.183812648780802
PD-Set60-E2,donor4,PM-UM_BEB19108,1233,939,294,kept,donor6,donor6,0.0605986140462968,0.0604130476741942
PD-Set60-E2,donor5,PM-MS_38636,2991,2105,886,kept,donor4,donor4,0.14699955767435,0.135430740526282
PD-Set62-E1,PM-HA_S01646,PM-HA_S01646,3118,2304,814,kept,donor1,donor2,0.211447172114472,0.213590432928525
PD-Set62-E1,PM-HA_S02971,PM-HA_S02971,1651,1104,547,kept,donor5,donor5,0.111962566119626,0.102345415778252
PD-Set62-E1,PM-HA_S03112,PM-HA_S03112,2958,2031,927,kept,donor2,donor3,0.200596772005968,0.188282191526838
PD-Set62-E1,PM-HA_S05887,PM-HA_S05887,2551,2016,535,kept,donor4,donor4,0.172996066729961,0.186891628812459
PD-Set62-E1,PM-HA_S11972,PM-HA_S11972,2950,2321,629,kept,donor3,donor1,0.200054252000543,0.215166404004821
PD-Set62-E1,donor5,PM-HA_S00447,1518,1011,507,kept,donor6,donor6,0.102943171029432,0.0937239269491054
PD-Set62-E2,PM-HA_S01646,PM-HA_S01646,2793,2137,656,kept,donor1,donor2,0.217608102843786,0.22209519850343
PD-Set62-E2,PM-HA_S02971,PM-HA_S02971,1267,862,405,kept,donor6,donor6,0.0987144526684846,0.0895863645811682
PD-Set62-E2,PM-HA_S03112,PM-HA_S03112,2616,1787,829,kept,donor3,donor3,0.203817686014803,0.185720224485554
PD-Set62-E2,PM-HA_S05887,PM-HA_S05887,2194,1784,410,kept,donor4,donor4,0.170938839111804,0.185408438993972
PD-Set62-E2,PM-HA_S11972,PM-HA_S11972,2659,2140,519,kept,donor2,donor1,0.207167900272692,0.222406983995011
PD-Set62-E2,donor5,PM-HA_S00447,1306,912,394,kept,donor5,donor5,0.10175301908843,0.0947827894408647
PD-Set63-E1,PM-HA_S05887,PM-HA_S05887,3885,3416,469,kept,donor1,donor1,0.278894472361809,0.305272564789991
PD-Set63-E1,PM-HA_S07532,PM-HA_S07532,2028,1477,551,kept,donor4,donor4,0.145585068198134,0.131992850759607
PD-Set63-E1,PM-HA_S18739,PM-HA_S18739,3740,3088,652,kept,donor2,donor2,0.26848528356066,0.275960679177837
PD-Set63-E1,PM-HA_S19010,PM-HA_S19010,2081,1638,443,kept,donor3,donor3,0.149389806173726,0.146380697050938
PD-Set63-E1,donor4,PM-HA_S04610,1149,800,349,kept,donor5,donor5,0.082483847810481,0.0714924039320822
PD-Set63-E1,donor5,PM-HA_S00447,1047,771,276,kept,donor6,donor6,0.0751615218951902,0.0689008042895442
PD-Set63-E2,PM-HA_S05887,PM-HA_S05887,3630,3181,449,kept,donor2,donor1,0.269988843436222,0.294427989633469
PD-Set63-E2,PM-HA_S07532,PM-HA_S07532,1976,1428,548,kept,donor4,donor4,0.14696913350688,0.132173269159571
PD-Set63-E2,PM-HA_S18739,PM-HA_S18739,3698,3125,573,kept,donor1,donor2,0.27504648568241,0.289244724176231
PD-Set63-E2,PM-HA_S19010,PM-HA_S19010,2010,1603,407,kept,donor3,donor3,0.149497954629974,0.148370973713439
PD-Set63-E2,donor4,PM-HA_S00447,768,551,217,kept,donor6,donor6,0.0571216065451841,0.0509996297667531
PD-Set63-E2,donor5,PM-HA_S04610,1363,916,447,kept,donor5,donor5,0.101375976199331,0.0847834135505368
PD-Set64-E1,PM-HA_S00781,PM-HA_S00781,3300,2724,576,kept,donor2,donor2,0.256509910610183,0.276857404207745
PD-Set64-E1,PM-HA_S07532,PM-HA_S07532,2209,1512,697,kept,donor3,donor3,0.171706179556937,0.153674153877427
PD-Set64-E1,PM-HA_S10096,PM-HA_S10096,3388,2934,454,kept,donor1,donor1,0.263350174893121,0.298201036690721
PD-Set64-E1,PM-HA_S16962,PM-HA_S16962,1908,1266,642,kept,donor4,donor4,0.148309366498251,0.128671612968798
PD-Set64-E1,donor4,PM-HA_S04610,657,431,226,kept,donor6,donor6,0.0510687912942091,0.0438052647626791
PD-Set64-E1,donor5,PM-HA_S02971,1403,972,431,kept,donor5,donor5,0.109055577147299,0.0987905274926314
PD-Set64-E2,PM-HA_S00781,PM-HA_S00781,3897,3199,698,kept,donor2,donor2,0.251289656951251,0.265367067606802
PD-Set64-E2,PM-HA_S07532,PM-HA_S07532,2608,1850,758,kept,donor3,donor3,0.168171266443126,0.15346329323932
PD-Set64-E2,PM-HA_S10096,PM-HA_S10096,4085,3528,557,kept,donor1,donor1,0.26341243229301,0.292658647863957
PD-Set64-E2,PM-HA_S16962,PM-HA_S16962,2351,1647,704,kept,donor4,donor4,0.151599174619551,0.136623807548735
PD-Set64-E2,donor4,PM-HA_S04610,774,547,227,kept,donor6,donor6,0.0499097240134124,0.0453753629199502
PD-Set64-E2,donor5,PM-HA_S02971,1793,1284,509,kept,donor5,donor5,0.115617745679649,0.106511820821236
PD-Set66-C1,PM-HA_S00447,PM-HA_S00447,1496,1056,440,kept,donor5,donor5,0.10828025477707,0.104980614375186
PD-Set66-C1,PM-HA_S02971,PM-HA_S02971,2427,1666,761,kept,donor3,donor3,0.175665894614939,0.16562282533055
PD-Set66-C1,PM-HA_S05887,PM-HA_S05887,3839,3123,716,kept,donor1,donor1,0.277866242038217,0.310468237399344
PD-Set66-C1,PM-HA_S11972,PM-HA_S11972,3275,2223,1052,kept,donor2,donor2,0.237044006948466,0.220996122875037
PD-Set66-C1,PM-HA_S18739,PM-HA_S18739,1763,1317,446,kept,donor4,donor4,0.127605674580197,0.130927527587235
PD-Set66-C1,donor5,PM-HA_S04610,1016,674,342,kept,donor6,donor6,0.0735379270411118,0.0670046724326474
PD-Set66-C2,PM-HA_S00447,PM-HA_S00447,1239,901,338,kept,donor5,donor5,0.099191417820831,0.0982230458955631
PD-Set66-C2,PM-HA_S02971,PM-HA_S02971,2188,1483,705,kept,donor3,donor3,0.175166119606116,0.161670118826992
PD-Set66-C2,PM-HA_S05887,PM-HA_S05887,3586,2945,641,kept,donor1,donor1,0.287086702425746,0.32105091028017
PD-Set66-C2,PM-HA_S11972,PM-HA_S11972,3072,2130,942,kept,donor2,donor2,0.245937074693779,0.232203205058323
PD-Set66-C2,PM-HA_S18739,PM-HA_S18739,1566,1144,422,kept,donor4,donor4,0.125370266591946,0.124713834078273
PD-Set66-C2,donor5,PM-HA_S04610,840,570,270,kept,donor6,donor6,0.0672484188615803,0.0621388858606781
PD-Set68-C1,PM-HA_S00781,PM-HA_S00781,3641,2966,675,kept,donor2,donor2,0.206476125666326,0.227803379416283
PD-Set68-C1,PM-HA_S08385,PM-HA_S08385,4580,3119,1461,kept,donor1,donor1,0.2597255302257,0.239554531490015
PD-Set68-C1,PM-HA_S10096,PM-HA_S10096,1712,1371,341,kept,donor5,donor5,0.0970851763638426,0.105299539170507
PD-Set68-C1,PM-HA_S16580,PM-HA_S16580,3423,2387,1036,kept,donor3,donor4,0.194113644096632,0.183333333333333
PD-Set68-C1,PM-HA_S16962,PM-HA_S16962,3403,2538,865,kept,donor4,donor3,0.192979471475559,0.194930875576037
PD-Set68-C1,donor5,PM-HA_S19871,875,639,236,kept,donor6,donor6,0.0496200521719406,0.0490783410138249
PD-Set69-C1,PM-HA_S01646,PM-HA_S01646,4116,2916,1200,kept,donor2,donor2,0.223428509390946,0.217142006106188
PD-Set69-C1,PM-HA_S03112,PM-HA_S03112,1555,1153,402,kept,donor6,donor6,0.084409944631419,0.0858589619480229
PD-Set69-C1,PM-HA_S07555,PM-HA_S07555,3810,2901,909,kept,donor3,donor3,0.206817935077625,0.21602502047807
PD-Set69-C1,PM-HA_S10096,PM-HA_S10096,4187,3511,676,kept,donor1,donor1,0.227282596895017,0.261449102688212
PD-Set69-C1,PM-HA_S11972,PM-HA_S11972,1916,1207,709,kept,donor5,donor5,0.10400607968733,0.0898801102092486
PD-Set69-C1,donor5,PM-HA_S16962,2838,1741,1097,kept,donor4,donor4,0.154054934317664,0.129644798570258
PD-Set69-C2,PM-HA_S01646,PM-HA_S01646,3884,2852,1032,kept,donor2,donor2,0.221588315837517,0.218026144790154
PD-Set69-C2,PM-HA_S03112,PM-HA_S03112,1544,1172,372,kept,donor6,donor5,0.0880876312186216,0.0895955966669215
PD-Set69-C2,PM-HA_S07555,PM-HA_S07555,3587,2829,758,kept,donor3,donor3,0.20464399817435,0.216267869428943
PD-Set69-C2,PM-HA_S10096,PM-HA_S10096,3942,3364,578,kept,donor1,donor1,0.224897307165678,0.257166883265805
PD-Set69-C2,PM-HA_S11972,PM-HA_S11972,1863,1162,701,kept,donor5,donor6,0.106287083523505,0.0888311291185689
PD-Set69-C2,donor5,PM-HA_S16962,2708,1702,1006,kept,donor4,donor4,0.154495664080329,0.130112376729608
PD-Set70-C1,PM-HA_S01646,PM-HA_S01646,1741,1502,239,kept,donor4,donor4,0.0900858946496947,0.100427921904252
PD-Set70-C1,PM-HA_S16580,PM-HA_S16580,5729,4798,931,kept,donor1,donor1,0.296440028976508,0.320807702594276
PD-Set70-C1,PM-HA_S16962,PM-HA_S16962,5120,3895,1225,kept,donor2,donor2,0.264928076166822,0.260430596416154
PD-Set70-C1,PM-HA_S19010,PM-HA_S19010,4047,3248,799,kept,donor3,donor3,0.209407016454517,0.21717036640813
PD-Set70-C1,donor4,PM-HA_S10096,1223,848,375,kept,donor6,donor5,0.0632826244437545,0.0566996523134528
PD-Set70-C1,donor5,PM-HA_S18739,1466,665,801,kept,donor5,donor6,0.0758563593087033,0.0444637603637336
PD-Set70-C2,PM-HA_S01646,PM-HA_S01646,1669,1432,237,kept,donor5,donor5,0.0857392376451248,0.0955749849829807
PD-Set70-C2,PM-HA_S16580,PM-HA_S16580,5532,4562,970,kept,donor1,donor1,0.284187814651187,0.304478408863379
PD-Set70-C2,PM-HA_S16962,PM-HA_S16962,5314,4061,1253,kept,donor2,donor2,0.272988800986335,0.271040512580925
PD-Set70-C2,PM-HA_S19010,PM-HA_S19010,4044,3169,875,kept,donor3,donor3,0.207746840645228,0.211506373890409
PD-Set70-C2,donor4,PM-HA_S16580,655,310,345,kept,donor6,donor6,0.0336484126168704,0.0206901154641928
PD-Set70-C2,donor5,PM-HA_S18739,2252,1449,803,kept,donor4,donor4,0.115688893455255,0.0967096042181139
PD-Set73-C1,PM-HA_S00781,PM-HA_S00781,3562,2863,699,kept,donor3,donor3,0.186443339439937,0.202618542108988
PD-Set73-C1,PM-HA_S03112,PM-HA_S03112,3728,3173,555,kept,donor2,donor1,0.195132164354881,0.224557678697806
PD-Set73-C1,PM-HA_S07555,PM-HA_S07555,3207,2457,750,kept,donor5,donor4,0.167861816278461,0.173885350318471
PD-Set73-C1,PM-HA_S08385,PM-HA_S08385,4259,3006,1253,kept,donor1,donor2,0.222925935618948,0.212738853503185
PD-Set73-C1,PM-HA_S11972,PM-HA_S11972,3527,2131,1396,kept,donor4,donor5,0.184611358283172,0.150813871196037
PD-Set73-C1,donor5,PM-HA_S19871,822,500,322,kept,donor6,donor6,0.0430253860246009,0.0353857041755131
PD-Set73-C2,PM-HA_S00781,PM-HA_S00781,3689,3028,661,kept,donor3,donor3,0.1850699844479,0.202406417112299
PD-Set73-C2,PM-HA_S03112,PM-HA_S03112,3760,3139,621,kept,donor2,donor2,0.188631916921688,0.209826203208556
PD-Set73-C2,PM-HA_S07555,PM-HA_S07555,3317,2548,769,kept,donor5,donor4,0.166407465007776,0.170320855614973
PD-Set73-C2,PM-HA_S08385,PM-HA_S08385,4449,3311,1138,kept,donor1,donor1,0.223197712336327,0.221323529411765
PD-Set73-C2,PM-HA_S11972,PM-HA_S11972,3668,2257,1411,kept,donor4,donor5,0.184016455124668,0.150868983957219
PD-Set73-C2,donor5,PM-HA_S19871,1050,677,373,kept,donor6,donor6,0.0526764661616415,0.0452540106951872
PD-Set74-C1,PM-HA_S00781,PM-HA_S00781,5259,4372,887,kept,donor1,donor1,0.268796319959111,0.295265752684541
PD-Set74-C1,PM-HA_S07555,PM-HA_S07555,2564,1921,643,kept,donor4,donor4,0.131050345003833,0.129735935706085
PD-Set74-C1,PM-HA_S08385,PM-HA_S08385,3199,2253,946,kept,donor3,donor3,0.16350626118068,0.152157763220099
PD-Set74-C1,PM-HA_S10096,PM-HA_S10096,2256,1738,518,kept,donor5,donor5,0.115307947866087,0.117376916323361
PD-Set74-C1,PM-HA_S16580,PM-HA_S16580,5249,3951,1298,kept,donor2,donor2,0.268285203168924,0.266833254541771
PD-Set74-C1,donor5,PM-HA_S03112,1038,572,466,kept,donor6,donor6,0.0530539228213647,0.038630377524144
PD-Set74-C2,PM-HA_S00781,PM-HA_S00781,5081,4214,867,kept,donor1,donor1,0.272483509411702,0.295346229324362
PD-Set74-C2,PM-HA_S07555,PM-HA_S07555,2422,1866,556,kept,donor4,donor4,0.129886845068912,0.130782169890664
PD-Set74-C2,PM-HA_S08385,PM-HA_S08385,3012,2077,935,kept,donor3,donor3,0.161527323430042,0.145570507429212
PD-Set74-C2,PM-HA_S10096,PM-HA_S10096,2106,1616,490,kept,donor5,donor5,0.112940419370408,0.113260442949257
PD-Set74-C2,PM-HA_S16580,PM-HA_S16580,4963,3874,1089,kept,donor2,donor2,0.266155413739476,0.271516680684048
PD-Set74-C2,donor5,PM-HA_S03112,1063,621,442,kept,donor6,donor6,0.0570064889794605,0.0435239697224559
PD-Set81-E2,PM-MS_644748,PM-MS_644748,2027,1667,360,kept,donor3,donor3,0.164262560777958,0.174774585867058
PD-Set81-E2,PM-MS_96251,PM-MS_96251,2735,2236,499,kept,donor2,donor2,0.221636952998379,0.234430698259593
PD-Set81-E2,PM-HA_S07792,PM-HA_S07792,1910,1273,637,kept,donor4,donor4,0.154781199351702,0.133466135458167
PD-Set81-E2,PM-HA_S12889,PM-HA_S12889,1832,1151,681,kept,donor5,donor5,0.148460291734198,0.120675193960998
PD-Set81-E2,PM-HA_S16298,PM-HA_S16298,3219,2788,431,kept,donor1,donor1,0.260858995137763,0.292304466345146
PD-Set81-E2,PM-MS_971551,PM-MS_971551,617,423,194,kept,donor6,donor6,0.05,0.0443489201090375
PD-Set83-E1,PM-MS_644748,PM-MS_644748,3804,3248,556,kept,donor1,donor1,0.277481946166752,0.31613782363247
PD-Set83-E1,PM-HA_S06947,PM-HA_S06947,1582,1052,530,kept,donor5,donor5,0.115398643227077,0.10239439361495
PD-Set83-E1,PM-HA_S07792,PM-HA_S07792,2559,1695,864,kept,donor3,donor3,0.186665694069589,0.164979560054506
PD-Set83-E1,PM-HA_S16298,PM-HA_S16298,3190,2575,615,kept,donor2,donor2,0.232693850754978,0.25063266497956
PD-Set83-E1,PM-HA_S14032,PM-HA_S14032,811,505,306,kept,donor6,donor6,0.0591582172295572,0.0491532022581273
PD-Set83-E1,PM-HA_S01667,PM-HA_S01667,1763,1199,564,kept,donor4,donor4,0.128601648552046,0.116702355460385
PD-Set83-E2,PM-MS_644748,PM-MS_644748,3155,2725,430,kept,donor1,donor1,0.269842627437564,0.308014016050639
PD-Set83-E2,PM-HA_S06947,PM-HA_S06947,1321,890,431,kept,donor5,donor5,0.112983236400958,0.100599073132135
PD-Set83-E2,PM-HA_S07792,PM-HA_S07792,2293,1529,764,kept,donor3,donor3,0.196117003079028,0.172826946987679
PD-Set83-E2,PM-HA_S16298,PM-HA_S16298,2769,2243,526,kept,donor2,donor2,0.236828600752651,0.253532270826269
PD-Set83-E2,PM-HA_S14032,PM-HA_S14032,658,433,225,kept,donor6,donor6,0.0562777967841259,0.0489431445687804
PD-Set83-E2,PM-HA_S01667,PM-HA_S01667,1496,1027,469,kept,donor4,donor4,0.127950735545672,0.116084548434498
PD-Set84-E1,PM-MS_644748,PM-MS_644748,3846,3252,594,kept,donor1,donor1,0.307335783922007,0.33595041322314
PD-Set84-E1,PM-UD_11412_001,PM-UD_11412_001,3281,2592,689,kept,donor2,donor2,0.262186351286559,0.267768595041322
PD-Set84-E1,PM-UM_HCTBY,PM-UM_HCTBY,2562,1969,593,kept,donor3,donor3,0.204730701614192,0.203409090909091
PD-Set84-E1,PM-HA_S06947,PM-HA_S06947,637,367,270,kept,donor6,donor6,0.050902988652709,0.0379132231404959
PD-Set84-E1,PM-HA_S14032,PM-HA_S14032,1079,758,321,kept,donor5,donor4,0.0862234297586703,0.0783057851239669
PD-Set84-E1,PM-HA_S07792,PM-HA_S07792,1109,742,367,kept,donor4,donor5,0.0886207447658622,0.0766528925619835
PD-Set84-E2,PM-MS_644748,PM-MS_644748,3852,3219,633,kept,donor1,donor1,0.30400126272591,0.331002570694087
PD-Set84-E2,PM-UD_11412_001,PM-UD_11412_001,3349,2627,722,kept,donor2,donor2,0.264304316944203,0.27012853470437
PD-Set84-E2,PM-UM_HCTBY,PM-UM_HCTBY,2625,1986,639,kept,donor3,donor3,0.207165969536737,0.204215938303342
PD-Set84-E2,PM-HA_S06947,PM-HA_S06947,675,378,297,kept,donor6,donor6,0.0532712493094468,0.0388688946015424
PD-Set84-E2,PM-HA_S14032,PM-HA_S14032,1113,806,307,kept,donor4,donor4,0.0878383710835767,0.082879177377892
PD-Set84-E2,PM-HA_S07792,PM-HA_S07792,1057,709,348,kept,donor5,donor5,0.0834188304001263,0.0729048843187661
PD-set6A-1,PM-MS_38636,PM-MS_38636,4174,3794,380,kept,donor1,donor1,0.226884818176877,0.235974623709417
PD-set6A-1,PM-MS_840752,PM-MS_840752,2208,1821,387,kept,donor5,donor5,0.120019568407893,0.113260355765642
PD-set6A-1,PM-MS_69779,PM-MS_69779,3518,3077,441,kept,donor3,donor3,0.191226830461488,0.191379524816519
PD-set6A-1,PM-MS_841919,PM-MS_841919,2560,2336,224,kept,donor4,donor4,0.13915312279176,0.145291702948128
PD-set6A-1,donor4,PM-MS_64111,1818,1388,430,kept,donor6,donor6,0.0988204598575855,0.0863291454160965
PD-set6A-1,donor5,PM-MS_202387,4119,3662,457,kept,donor2,donor2,0.223895200304397,0.227764647344197
PD-set6A-2,PM-MS_38636,PM-MS_38636,4592,3964,628,kept,donor2,donor2,0.223411501410918,0.227280545840261
PD-set6A-2,PM-MS_840752,PM-MS_840752,2610,2040,570,kept,donor5,donor5,0.1269825824657,0.116965770311335
PD-set6A-2,PM-MS_69779,PM-MS_69779,3895,3419,476,kept,donor3,donor3,0.189500827089618,0.196032337595321
PD-set6A-2,PM-MS_841919,PM-MS_841919,2787,2498,289,kept,donor4,donor4,0.135594044954753,0.143225732469468
PD-set6A-2,donor4,PM-MS_64111,2077,1546,531,kept,donor6,donor6,0.101050890337647,0.0886417063241787
PD-set6A-2,donor5,PM-MS_202387,4593,3974,619,kept,donor1,donor1,0.223460153741364,0.227853907459435
